country,Alpha 2,Alpha 3,numeric_code,indicator,Year,Children_developed,sex,unit_multiplier,unit_of_measure,observation_status,observation_confidentaility,time_period_activity_related_to_when_the_data_are_collected,current_age
Algeria,DZ,DZA,12,"Percentage of children (aged 36-59 months) developmentally on track in at least 3 of the 4 following domains: literacy-numeracy, physical, social-emotional and learning",2019,79.3,Female,,%,Reported,Free,End of fieldwork,36 to 59 months old
Algeria,DZ,DZA,12,"Percentage of children (aged 36-59 months) developmentally on track in at least 3 of the 4 following domains: literacy-numeracy, physical, social-emotional and learning",2019,74.4,Male,,%,Reported,Free,End of fieldwork,36 to 59 months old
Algeria,DZ,DZA,12,"Percentage of children (aged 36-59 months) developmentally on track in at least 3 of the 4 following domains: literacy-numeracy, physical, social-emotional and learning",2019,76.8,Total,,%,Reported,Free,End of fieldwork,36 to 59 months old
Argentina,AR,ARG,32,"Percentage of children (aged 36-59 months) developmentally on track in at least 3 of the 4 following domains: literacy-numeracy, physical, social-emotional and learning",2020,87.401,Female,,%,Reported,Free,End of fieldwork,36 to 59 months old
Argentina,AR,ARG,32,"Percentage of children (aged 36-59 months) developmentally on track in at least 3 of the 4 following domains: literacy-numeracy, physical, social-emotional and learning",2020,85.142,Male,,%,Reported,Free,End of fieldwork,36 to 59 months old
Argentina,AR,ARG,32,"Percentage of children (aged 36-59 months) developmentally on track in at least 3 of the 4 following domains: literacy-numeracy, physical, social-emotional and learning",2020,86.218,Total,,%,Reported,Free,End of fieldwork,36 to 59 months old
Bangladesh,BD,BGD,50,"Percentage of children (aged 36-59 months) developmentally on track in at least 3 of the 4 following domains: literacy-numeracy, physical, social-emotional and learning",2019,78,Female,,%,Reported,Free,End of fieldwork,36 to 59 months old
Bangladesh,BD,BGD,50,"Percentage of children (aged 36-59 months) developmentally on track in at least 3 of the 4 following domains: literacy-numeracy, physical, social-emotional and learning",2019,71.4,Male,,%,Reported,Free,End of fieldwork,36 to 59 months old
Bangladesh,BD,BGD,50,"Percentage of children (aged 36-59 months) developmentally on track in at least 3 of the 4 following domains: literacy-numeracy, physical, social-emotional and learning",2019,74.5,Total,,%,Reported,Free,End of fieldwork,36 to 59 months old
Barbados,BB,BRB,52,"Percentage of children (aged 36-59 months) developmentally on track in at least 3 of the 4 following domains: literacy-numeracy, physical, social-emotional and learning",2012,98.6,Female,,%,Reported,Free,End of fieldwork,36 to 59 months old
Barbados,BB,BRB,52,"Percentage of children (aged 36-59 months) developmentally on track in at least 3 of the 4 following domains: literacy-numeracy, physical, social-emotional and learning",2012,94.8,Male,,%,Reported,Free,End of fieldwork,36 to 59 months old
Barbados,BB,BRB,52,"Percentage of children (aged 36-59 months) developmentally on track in at least 3 of the 4 following domains: literacy-numeracy, physical, social-emotional and learning",2012,96.6,Total,,%,Reported,Free,End of fieldwork,36 to 59 months old
Belarus,BY,BLR,112,"Percentage of children (aged 36-59 months) developmentally on track in at least 3 of the 4 following domains: literacy-numeracy, physical, social-emotional and learning",2019,89.3,Female,,%,Reported,Free,End of fieldwork,36 to 59 months old
Belarus,BY,BLR,112,"Percentage of children (aged 36-59 months) developmentally on track in at least 3 of the 4 following domains: literacy-numeracy, physical, social-emotional and learning",2019,84.4,Male,,%,Reported,Free,End of fieldwork,36 to 59 months old
Belarus,BY,BLR,112,"Percentage of children (aged 36-59 months) developmentally on track in at least 3 of the 4 following domains: literacy-numeracy, physical, social-emotional and learning",2019,86.9,Total,,%,Reported,Free,End of fieldwork,36 to 59 months old
Belize,BZ,BLZ,84,"Percentage of children (aged 36-59 months) developmentally on track in at least 3 of the 4 following domains: literacy-numeracy, physical, social-emotional and learning",2016,85.2,Female,,%,Reported,Free,End of fieldwork,36 to 59 months old
Belize,BZ,BLZ,84,"Percentage of children (aged 36-59 months) developmentally on track in at least 3 of the 4 following domains: literacy-numeracy, physical, social-emotional and learning",2016,80,Male,,%,Reported,Free,End of fieldwork,36 to 59 months old
Belize,BZ,BLZ,84,"Percentage of children (aged 36-59 months) developmentally on track in at least 3 of the 4 following domains: literacy-numeracy, physical, social-emotional and learning",2016,82.5,Total,,%,Reported,Free,End of fieldwork,36 to 59 months old
Benin,BJ,BEN,204,"Percentage of children (aged 36-59 months) developmentally on track in at least 3 of the 4 following domains: literacy-numeracy, physical, social-emotional and learning",2018,55.9,Female,,%,Reanalysed,Free,End of fieldwork,36 to 59 months old
Benin,BJ,BEN,204,"Percentage of children (aged 36-59 months) developmentally on track in at least 3 of the 4 following domains: literacy-numeracy, physical, social-emotional and learning",2018,51.5,Male,,%,Reanalysed,Free,End of fieldwork,36 to 59 months old
Benin,BJ,BEN,204,"Percentage of children (aged 36-59 months) developmentally on track in at least 3 of the 4 following domains: literacy-numeracy, physical, social-emotional and learning",2018,53.6,Total,,%,Reanalysed,Free,End of fieldwork,36 to 59 months old
Bhutan,BT,BTN,64,"Percentage of children (aged 36-59 months) developmentally on track in at least 3 of the 4 following domains: literacy-numeracy, physical, social-emotional and learning",2010,74.8,Female,,%,Reported,Free,End of fieldwork,36 to 59 months old
Bhutan,BT,BTN,64,"Percentage of children (aged 36-59 months) developmentally on track in at least 3 of the 4 following domains: literacy-numeracy, physical, social-emotional and learning",2010,68.4,Male,,%,Reported,Free,End of fieldwork,36 to 59 months old
Bhutan,BT,BTN,64,"Percentage of children (aged 36-59 months) developmentally on track in at least 3 of the 4 following domains: literacy-numeracy, physical, social-emotional and learning",2010,71.5,Total,,%,Reported,Free,End of fieldwork,36 to 59 months old
Bosnia and Herzegovina,BA,BIH,70,"Percentage of children (aged 36-59 months) developmentally on track in at least 3 of the 4 following domains: literacy-numeracy, physical, social-emotional and learning",2012,97.6,Female,,%,Reported,Free,End of fieldwork,36 to 59 months old
Bosnia and Herzegovina,BA,BIH,70,"Percentage of children (aged 36-59 months) developmentally on track in at least 3 of the 4 following domains: literacy-numeracy, physical, social-emotional and learning",2012,95.3,Male,,%,Reported,Free,End of fieldwork,36 to 59 months old
Bosnia and Herzegovina,BA,BIH,70,"Percentage of children (aged 36-59 months) developmentally on track in at least 3 of the 4 following domains: literacy-numeracy, physical, social-emotional and learning",2012,96.4,Total,,%,Reported,Free,End of fieldwork,36 to 59 months old
Burundi,BI,BDI,108,"Percentage of children (aged 36-59 months) developmentally on track in at least 3 of the 4 following domains: literacy-numeracy, physical, social-emotional and learning",2017,45.5,Female,,%,Reanalysed,Free,End of fieldwork,36 to 59 months old
Burundi,BI,BDI,108,"Percentage of children (aged 36-59 months) developmentally on track in at least 3 of the 4 following domains: literacy-numeracy, physical, social-emotional and learning",2017,33.6,Male,,%,Reanalysed,Free,End of fieldwork,36 to 59 months old
Burundi,BI,BDI,108,"Percentage of children (aged 36-59 months) developmentally on track in at least 3 of the 4 following domains: literacy-numeracy, physical, social-emotional and learning",2017,39.6,Total,,%,Reanalysed,Free,End of fieldwork,36 to 59 months old
Cambodia,KH,KHM,116,"Percentage of children (aged 36-59 months) developmentally on track in at least 3 of the 4 following domains: literacy-numeracy, physical, social-emotional and learning",2014,72.8,Female,,%,Reanalysed,Free,End of fieldwork,36 to 59 months old
Cambodia,KH,KHM,116,"Percentage of children (aged 36-59 months) developmentally on track in at least 3 of the 4 following domains: literacy-numeracy, physical, social-emotional and learning",2014,73.5,Male,,%,Reanalysed,Free,End of fieldwork,36 to 59 months old
Cambodia,KH,KHM,116,"Percentage of children (aged 36-59 months) developmentally on track in at least 3 of the 4 following domains: literacy-numeracy, physical, social-emotional and learning",2014,73.1,Total,,%,Reanalysed,Free,End of fieldwork,36 to 59 months old
Cameroon,CM,CMR,120,"Percentage of children (aged 36-59 months) developmentally on track in at least 3 of the 4 following domains: literacy-numeracy, physical, social-emotional and learning",2014,63.3,Female,,%,Reported,Free,End of fieldwork,36 to 59 months old
Cameroon,CM,CMR,120,"Percentage of children (aged 36-59 months) developmentally on track in at least 3 of the 4 following domains: literacy-numeracy, physical, social-emotional and learning",2014,59.1,Male,,%,Reported,Free,End of fieldwork,36 to 59 months old
Cameroon,CM,CMR,120,"Percentage of children (aged 36-59 months) developmentally on track in at least 3 of the 4 following domains: literacy-numeracy, physical, social-emotional and learning",2014,61.2,Total,,%,Reported,Free,End of fieldwork,36 to 59 months old
Central African Republic,CF,CAF,140,"Percentage of children (aged 36-59 months) developmentally on track in at least 3 of the 4 following domains: literacy-numeracy, physical, social-emotional and learning",2019,38.7,Female,,%,Reported,Free,End of fieldwork,36 to 59 months old
Central African Republic,CF,CAF,140,"Percentage of children (aged 36-59 months) developmentally on track in at least 3 of the 4 following domains: literacy-numeracy, physical, social-emotional and learning",2019,33.6,Male,,%,Reported,Free,End of fieldwork,36 to 59 months old
Central African Republic,CF,CAF,140,"Percentage of children (aged 36-59 months) developmentally on track in at least 3 of the 4 following domains: literacy-numeracy, physical, social-emotional and learning",2019,36.2,Total,,%,Reported,Free,End of fieldwork,36 to 59 months old
Chad,TD,TCD,148,"Percentage of children (aged 36-59 months) developmentally on track in at least 3 of the 4 following domains: literacy-numeracy, physical, social-emotional and learning",2019,47.1,Female,,%,Reported,Free,End of fieldwork,36 to 59 months old
Chad,TD,TCD,148,"Percentage of children (aged 36-59 months) developmentally on track in at least 3 of the 4 following domains: literacy-numeracy, physical, social-emotional and learning",2019,42.7,Male,,%,Reported,Free,End of fieldwork,36 to 59 months old
Chad,TD,TCD,148,"Percentage of children (aged 36-59 months) developmentally on track in at least 3 of the 4 following domains: literacy-numeracy, physical, social-emotional and learning",2019,44.9,Total,,%,Reported,Free,End of fieldwork,36 to 59 months old
Congo,CG,COG,178,"Percentage of children (aged 36-59 months) developmentally on track in at least 3 of the 4 following domains: literacy-numeracy, physical, social-emotional and learning",2015,65.1,Female,,%,Reported,Free,End of fieldwork,36 to 59 months old
Congo,CG,COG,178,"Percentage of children (aged 36-59 months) developmentally on track in at least 3 of the 4 following domains: literacy-numeracy, physical, social-emotional and learning",2015,56.8,Male,,%,Reported,Free,End of fieldwork,36 to 59 months old
Congo,CG,COG,178,"Percentage of children (aged 36-59 months) developmentally on track in at least 3 of the 4 following domains: literacy-numeracy, physical, social-emotional and learning",2015,60.8,Total,,%,Reported,Free,End of fieldwork,36 to 59 months old
Costa Rica,CR,CRI,188,"Percentage of children (aged 36-59 months) developmentally on track in at least 3 of the 4 following domains: literacy-numeracy, physical, social-emotional and learning",2018,89.5,Female,,%,Reported,Free,End of fieldwork,36 to 59 months old
Costa Rica,CR,CRI,188,"Percentage of children (aged 36-59 months) developmentally on track in at least 3 of the 4 following domains: literacy-numeracy, physical, social-emotional and learning",2018,81.8,Male,,%,Reported,Free,End of fieldwork,36 to 59 months old
Costa Rica,CR,CRI,188,"Percentage of children (aged 36-59 months) developmentally on track in at least 3 of the 4 following domains: literacy-numeracy, physical, social-emotional and learning",2018,85.5,Total,,%,Reported,Free,End of fieldwork,36 to 59 months old
Cuba,CU,CUB,192,"Percentage of children (aged 36-59 months) developmentally on track in at least 3 of the 4 following domains: literacy-numeracy, physical, social-emotional and learning",2019,95.4,Female,,%,Reported,Free,End of fieldwork,36 to 59 months old
Cuba,CU,CUB,192,"Percentage of children (aged 36-59 months) developmentally on track in at least 3 of the 4 following domains: literacy-numeracy, physical, social-emotional and learning",2019,94,Male,,%,Reported,Free,End of fieldwork,36 to 59 months old
Cuba,CU,CUB,192,"Percentage of children (aged 36-59 months) developmentally on track in at least 3 of the 4 following domains: literacy-numeracy, physical, social-emotional and learning",2019,94.7,Total,,%,Reported,Free,End of fieldwork,36 to 59 months old
Côte d'Ivoire,CI,CIV,384,"Percentage of children (aged 36-59 months) developmentally on track in at least 3 of the 4 following domains: literacy-numeracy, physical, social-emotional and learning",2016,64.8,Female,,%,Reported,Free,End of fieldwork,36 to 59 months old
Ivory Coast,CI,CIV,384,"Percentage of children (aged 36-59 months) developmentally on track in at least 3 of the 4 following domains: literacy-numeracy, physical, social-emotional and learning",2016,64.8,Female,,%,Reported,Free,End of fieldwork,36 to 59 months old
Côte d'Ivoire,CI,CIV,384,"Percentage of children (aged 36-59 months) developmentally on track in at least 3 of the 4 following domains: literacy-numeracy, physical, social-emotional and learning",2016,61,Male,,%,Reported,Free,End of fieldwork,36 to 59 months old
Ivory Coast,CI,CIV,384,"Percentage of children (aged 36-59 months) developmentally on track in at least 3 of the 4 following domains: literacy-numeracy, physical, social-emotional and learning",2016,61,Male,,%,Reported,Free,End of fieldwork,36 to 59 months old
Côte d'Ivoire,CI,CIV,384,"Percentage of children (aged 36-59 months) developmentally on track in at least 3 of the 4 following domains: literacy-numeracy, physical, social-emotional and learning",2016,62.8,Total,,%,Reported,Free,End of fieldwork,36 to 59 months old
Ivory Coast,CI,CIV,384,"Percentage of children (aged 36-59 months) developmentally on track in at least 3 of the 4 following domains: literacy-numeracy, physical, social-emotional and learning",2016,62.8,Total,,%,Reported,Free,End of fieldwork,36 to 59 months old
"Korea, Democratic People's Republic of",KP,PRK,408,"Percentage of children (aged 36-59 months) developmentally on track in at least 3 of the 4 following domains: literacy-numeracy, physical, social-emotional and learning",2017,89.2,Female,,%,Reported,Free,End of fieldwork,36 to 59 months old
"Korea, Democratic People's Republic of",KP,PRK,408,"Percentage of children (aged 36-59 months) developmentally on track in at least 3 of the 4 following domains: literacy-numeracy, physical, social-emotional and learning",2017,86.2,Male,,%,Reported,Free,End of fieldwork,36 to 59 months old
"Korea, Democratic People's Republic of",KP,PRK,408,"Percentage of children (aged 36-59 months) developmentally on track in at least 3 of the 4 following domains: literacy-numeracy, physical, social-emotional and learning",2017,87.7,Total,,%,Reported,Free,End of fieldwork,36 to 59 months old
"Congo, the Democratic Republic of the",CD,COD,180,"Percentage of children (aged 36-59 months) developmentally on track in at least 3 of the 4 following domains: literacy-numeracy, physical, social-emotional and learning",2018,57.2,Female,,%,Reported,Free,End of fieldwork,36 to 59 months old
"Congo, the Democratic Republic of the",CD,COD,180,"Percentage of children (aged 36-59 months) developmentally on track in at least 3 of the 4 following domains: literacy-numeracy, physical, social-emotional and learning",2018,56.2,Male,,%,Reported,Free,End of fieldwork,36 to 59 months old
"Congo, the Democratic Republic of the",CD,COD,180,"Percentage of children (aged 36-59 months) developmentally on track in at least 3 of the 4 following domains: literacy-numeracy, physical, social-emotional and learning",2018,56.7,Total,,%,Reported,Free,End of fieldwork,36 to 59 months old
Dominican Republic,DO,DOM,214,"Percentage of children (aged 36-59 months) developmentally on track in at least 3 of the 4 following domains: literacy-numeracy, physical, social-emotional and learning",2019,88.888,Female,,%,Reported,Free,End of fieldwork,36 to 59 months old
Dominican Republic,DO,DOM,214,"Percentage of children (aged 36-59 months) developmentally on track in at least 3 of the 4 following domains: literacy-numeracy, physical, social-emotional and learning",2019,85.214,Male,,%,Reported,Free,End of fieldwork,36 to 59 months old
Dominican Republic,DO,DOM,214,"Percentage of children (aged 36-59 months) developmentally on track in at least 3 of the 4 following domains: literacy-numeracy, physical, social-emotional and learning",2019,87.051,Total,,%,Reported,Free,End of fieldwork,36 to 59 months old
El Salvador,SV,SLV,222,"Percentage of children (aged 36-59 months) developmentally on track in at least 3 of the 4 following domains: literacy-numeracy, physical, social-emotional and learning",2014,82.9,Female,,%,Reported,Free,End of fieldwork,36 to 59 months old
El Salvador,SV,SLV,222,"Percentage of children (aged 36-59 months) developmentally on track in at least 3 of the 4 following domains: literacy-numeracy, physical, social-emotional and learning",2014,79.1,Male,,%,Reported,Free,End of fieldwork,36 to 59 months old
El Salvador,SV,SLV,222,"Percentage of children (aged 36-59 months) developmentally on track in at least 3 of the 4 following domains: literacy-numeracy, physical, social-emotional and learning",2014,81,Total,,%,Reported,Free,End of fieldwork,36 to 59 months old
Swaziland,SZ,SWZ,748,"Percentage of children (aged 36-59 months) developmentally on track in at least 3 of the 4 following domains: literacy-numeracy, physical, social-emotional and learning",2014,66.4,Female,,%,Reported,Free,End of fieldwork,36 to 59 months old
Swaziland,SZ,SWZ,748,"Percentage of children (aged 36-59 months) developmentally on track in at least 3 of the 4 following domains: literacy-numeracy, physical, social-emotional and learning",2014,63.5,Male,,%,Reported,Free,End of fieldwork,36 to 59 months old
Swaziland,SZ,SWZ,748,"Percentage of children (aged 36-59 months) developmentally on track in at least 3 of the 4 following domains: literacy-numeracy, physical, social-emotional and learning",2014,64.9,Total,,%,Reported,Free,End of fieldwork,36 to 59 months old
Fiji,FJ,FJI,242,"Percentage of children (aged 36-59 months) developmentally on track in at least 3 of the 4 following domains: literacy-numeracy, physical, social-emotional and learning",2021,85.141,Female,,%,Reported,Free,End of fieldwork,24 to 59 months old
Fiji,FJ,FJI,242,"Percentage of children (aged 36-59 months) developmentally on track in at least 3 of the 4 following domains: literacy-numeracy, physical, social-emotional and learning",2021,81.033,Male,,%,Reported,Free,End of fieldwork,24 to 59 months old
Fiji,FJ,FJI,242,"Percentage of children (aged 36-59 months) developmentally on track in at least 3 of the 4 following domains: literacy-numeracy, physical, social-emotional and learning",2021,82.9,Total,,%,Reported,Free,End of fieldwork,24 to 59 months old
Gambia,GM,GMB,270,"Percentage of children (aged 36-59 months) developmentally on track in at least 3 of the 4 following domains: literacy-numeracy, physical, social-emotional and learning",2018,69,Female,,%,Reported,Free,End of fieldwork,36 to 59 months old
Gambia,GM,GMB,270,"Percentage of children (aged 36-59 months) developmentally on track in at least 3 of the 4 following domains: literacy-numeracy, physical, social-emotional and learning",2018,65.2,Male,,%,Reported,Free,End of fieldwork,36 to 59 months old
Gambia,GM,GMB,270,"Percentage of children (aged 36-59 months) developmentally on track in at least 3 of the 4 following domains: literacy-numeracy, physical, social-emotional and learning",2018,67,Total,,%,Reported,Free,End of fieldwork,36 to 59 months old
Georgia,GE,GEO,268,"Percentage of children (aged 36-59 months) developmentally on track in at least 3 of the 4 following domains: literacy-numeracy, physical, social-emotional and learning",2018,88.5,Female,,%,Reported,Free,End of fieldwork,36 to 59 months old
Georgia,GE,GEO,268,"Percentage of children (aged 36-59 months) developmentally on track in at least 3 of the 4 following domains: literacy-numeracy, physical, social-emotional and learning",2018,90.8,Male,,%,Reported,Free,End of fieldwork,36 to 59 months old
Georgia,GE,GEO,268,"Percentage of children (aged 36-59 months) developmentally on track in at least 3 of the 4 following domains: literacy-numeracy, physical, social-emotional and learning",2018,89.6,Total,,%,Reported,Free,End of fieldwork,36 to 59 months old
Ghana,GH,GHA,288,"Percentage of children (aged 36-59 months) developmentally on track in at least 3 of the 4 following domains: literacy-numeracy, physical, social-emotional and learning",2018,71.9,Female,,%,Reported,Free,End of fieldwork,36 to 59 months old
Ghana,GH,GHA,288,"Percentage of children (aged 36-59 months) developmentally on track in at least 3 of the 4 following domains: literacy-numeracy, physical, social-emotional and learning",2018,64.6,Male,,%,Reported,Free,End of fieldwork,36 to 59 months old
Ghana,GH,GHA,288,"Percentage of children (aged 36-59 months) developmentally on track in at least 3 of the 4 following domains: literacy-numeracy, physical, social-emotional and learning",2018,68.4,Total,,%,Reported,Free,End of fieldwork,36 to 59 months old
Guinea,GN,GIN,324,"Percentage of children (aged 36-59 months) developmentally on track in at least 3 of the 4 following domains: literacy-numeracy, physical, social-emotional and learning",2016,50.4,Female,,%,Reported,Free,End of fieldwork,36 to 59 months old
Guinea,GN,GIN,324,"Percentage of children (aged 36-59 months) developmentally on track in at least 3 of the 4 following domains: literacy-numeracy, physical, social-emotional and learning",2016,47.5,Male,,%,Reported,Free,End of fieldwork,36 to 59 months old
Guinea,GN,GIN,324,"Percentage of children (aged 36-59 months) developmentally on track in at least 3 of the 4 following domains: literacy-numeracy, physical, social-emotional and learning",2016,48.9,Total,,%,Reported,Free,End of fieldwork,36 to 59 months old
Guinea-Bissau,GW,GNB,624,"Percentage of children (aged 36-59 months) developmentally on track in at least 3 of the 4 following domains: literacy-numeracy, physical, social-emotional and learning",2019,74.7,Female,,%,Reported,Free,End of fieldwork,36 to 59 months old
Guinea-Bissau,GW,GNB,624,"Percentage of children (aged 36-59 months) developmentally on track in at least 3 of the 4 following domains: literacy-numeracy, physical, social-emotional and learning",2019,71.8,Male,,%,Reported,Free,End of fieldwork,36 to 59 months old
Guinea-Bissau,GW,GNB,624,"Percentage of children (aged 36-59 months) developmentally on track in at least 3 of the 4 following domains: literacy-numeracy, physical, social-emotional and learning",2019,73.2,Total,,%,Reported,Free,End of fieldwork,36 to 59 months old
Guyana,GY,GUY,328,"Percentage of children (aged 36-59 months) developmentally on track in at least 3 of the 4 following domains: literacy-numeracy, physical, social-emotional and learning",2014,86.5,Female,,%,Reported,Free,End of fieldwork,36 to 59 months old
Guyana,GY,GUY,328,"Percentage of children (aged 36-59 months) developmentally on track in at least 3 of the 4 following domains: literacy-numeracy, physical, social-emotional and learning",2014,84.9,Male,,%,Reported,Free,End of fieldwork,36 to 59 months old
Guyana,GY,GUY,328,"Percentage of children (aged 36-59 months) developmentally on track in at least 3 of the 4 following domains: literacy-numeracy, physical, social-emotional and learning",2014,85.6,Total,,%,Reported,Free,End of fieldwork,36 to 59 months old
Haiti,HT,HTI,332,"Percentage of children (aged 36-59 months) developmentally on track in at least 3 of the 4 following domains: literacy-numeracy, physical, social-emotional and learning",2017,69.4,Female,,%,Reanalysed,Free,End of fieldwork,36 to 59 months old
Haiti,HT,HTI,332,"Percentage of children (aged 36-59 months) developmentally on track in at least 3 of the 4 following domains: literacy-numeracy, physical, social-emotional and learning",2017,61.8,Male,,%,Reanalysed,Free,End of fieldwork,36 to 59 months old
Haiti,HT,HTI,332,"Percentage of children (aged 36-59 months) developmentally on track in at least 3 of the 4 following domains: literacy-numeracy, physical, social-emotional and learning",2017,65.4,Total,,%,Reanalysed,Free,End of fieldwork,36 to 59 months old
Honduras,HN,HND,340,"Percentage of children (aged 36-59 months) developmentally on track in at least 3 of the 4 following domains: literacy-numeracy, physical, social-emotional and learning",2019,74.261,Female,,%,Reported,Free,End of fieldwork,36 to 59 months old
Honduras,HN,HND,340,"Percentage of children (aged 36-59 months) developmentally on track in at least 3 of the 4 following domains: literacy-numeracy, physical, social-emotional and learning",2019,74.943,Male,,%,Reported,Free,End of fieldwork,36 to 59 months old
Honduras,HN,HND,340,"Percentage of children (aged 36-59 months) developmentally on track in at least 3 of the 4 following domains: literacy-numeracy, physical, social-emotional and learning",2019,74.617,Total,,%,Reported,Free,End of fieldwork,36 to 59 months old
Indonesia,ID,IDN,360,"Percentage of children (aged 36-59 months) developmentally on track in at least 3 of the 4 following domains: literacy-numeracy, physical, social-emotional and learning",2018,88.3,Total,,%,Reported,Free,End of fieldwork,36 to 59 months old
Iraq,IQ,IRQ,368,"Percentage of children (aged 36-59 months) developmentally on track in at least 3 of the 4 following domains: literacy-numeracy, physical, social-emotional and learning",2018,80.2,Female,,%,Reported,Free,End of fieldwork,36 to 59 months old
Iraq,IQ,IRQ,368,"Percentage of children (aged 36-59 months) developmentally on track in at least 3 of the 4 following domains: literacy-numeracy, physical, social-emotional and learning",2018,78.4,Male,,%,Reported,Free,End of fieldwork,36 to 59 months old
Iraq,IQ,IRQ,368,"Percentage of children (aged 36-59 months) developmentally on track in at least 3 of the 4 following domains: literacy-numeracy, physical, social-emotional and learning",2018,79.3,Total,,%,Reported,Free,End of fieldwork,36 to 59 months old
Jamaica,JM,JAM,388,"Percentage of children (aged 36-59 months) developmentally on track in at least 3 of the 4 following domains: literacy-numeracy, physical, social-emotional and learning",2011,93,Female,,%,Reported,Free,End of fieldwork,36 to 59 months old
Jamaica,JM,JAM,388,"Percentage of children (aged 36-59 months) developmentally on track in at least 3 of the 4 following domains: literacy-numeracy, physical, social-emotional and learning",2011,85.9,Male,,%,Reported,Free,End of fieldwork,36 to 59 months old
Jamaica,JM,JAM,388,"Percentage of children (aged 36-59 months) developmentally on track in at least 3 of the 4 following domains: literacy-numeracy, physical, social-emotional and learning",2011,89.1,Total,,%,Reported,Free,End of fieldwork,36 to 59 months old
Jordan,JO,JOR,400,"Percentage of children (aged 36-59 months) developmentally on track in at least 3 of the 4 following domains: literacy-numeracy, physical, social-emotional and learning",2018,75.8,Female,,%,Reanalysed,Free,End of fieldwork,36 to 59 months old
Jordan,JO,JOR,400,"Percentage of children (aged 36-59 months) developmentally on track in at least 3 of the 4 following domains: literacy-numeracy, physical, social-emotional and learning",2018,66.1,Male,,%,Reanalysed,Free,End of fieldwork,36 to 59 months old
Jordan,JO,JOR,400,"Percentage of children (aged 36-59 months) developmentally on track in at least 3 of the 4 following domains: literacy-numeracy, physical, social-emotional and learning",2018,70.7,Total,,%,Reanalysed,Free,End of fieldwork,36 to 59 months old
Kazakhstan,KZ,KAZ,398,"Percentage of children (aged 36-59 months) developmentally on track in at least 3 of the 4 following domains: literacy-numeracy, physical, social-emotional and learning",2015,86.3,Female,,%,Reported,Free,End of fieldwork,36 to 59 months old
Kazakhstan,KZ,KAZ,398,"Percentage of children (aged 36-59 months) developmentally on track in at least 3 of the 4 following domains: literacy-numeracy, physical, social-emotional and learning",2015,84.8,Male,,%,Reported,Free,End of fieldwork,36 to 59 months old
Kazakhstan,KZ,KAZ,398,"Percentage of children (aged 36-59 months) developmentally on track in at least 3 of the 4 following domains: literacy-numeracy, physical, social-emotional and learning",2015,85.5,Total,,%,Reported,Free,End of fieldwork,36 to 59 months old
Kiribati,KI,KIR,296,"Percentage of children (aged 36-59 months) developmentally on track in at least 3 of the 4 following domains: literacy-numeracy, physical, social-emotional and learning",2019,81.9,Female,,%,Reported,Free,End of fieldwork,36 to 59 months old
Kiribati,KI,KIR,296,"Percentage of children (aged 36-59 months) developmentally on track in at least 3 of the 4 following domains: literacy-numeracy, physical, social-emotional and learning",2019,77.9,Male,,%,Reported,Free,End of fieldwork,36 to 59 months old
Kiribati,KI,KIR,296,"Percentage of children (aged 36-59 months) developmentally on track in at least 3 of the 4 following domains: literacy-numeracy, physical, social-emotional and learning",2019,79.9,Total,,%,Reported,Free,End of fieldwork,36 to 59 months old
Kyrgyzstan,KG,KGZ,417,"Percentage of children (aged 36-59 months) developmentally on track in at least 3 of the 4 following domains: literacy-numeracy, physical, social-emotional and learning",2018,75,Female,,%,Reported,Free,End of fieldwork,36 to 59 months old
Kyrgyzstan,KG,KGZ,417,"Percentage of children (aged 36-59 months) developmentally on track in at least 3 of the 4 following domains: literacy-numeracy, physical, social-emotional and learning",2018,68.2,Male,,%,Reported,Free,End of fieldwork,36 to 59 months old
Kyrgyzstan,KG,KGZ,417,"Percentage of children (aged 36-59 months) developmentally on track in at least 3 of the 4 following domains: literacy-numeracy, physical, social-emotional and learning",2018,71.7,Total,,%,Reported,Free,End of fieldwork,36 to 59 months old
Lao People's Democratic Republic,LA,LAO,418,"Percentage of children (aged 36-59 months) developmentally on track in at least 3 of the 4 following domains: literacy-numeracy, physical, social-emotional and learning",2017,90.6,Female,,%,Reported,Free,End of fieldwork,36 to 59 months old
Lao People's Democratic Republic,LA,LAO,418,"Percentage of children (aged 36-59 months) developmentally on track in at least 3 of the 4 following domains: literacy-numeracy, physical, social-emotional and learning",2017,87.7,Male,,%,Reported,Free,End of fieldwork,36 to 59 months old
Lao People's Democratic Republic,LA,LAO,418,"Percentage of children (aged 36-59 months) developmentally on track in at least 3 of the 4 following domains: literacy-numeracy, physical, social-emotional and learning",2017,89.1,Total,,%,Reported,Free,End of fieldwork,36 to 59 months old
Lesotho,LS,LSO,426,"Percentage of children (aged 36-59 months) developmentally on track in at least 3 of the 4 following domains: literacy-numeracy, physical, social-emotional and learning",2018,77.7,Female,,%,Reported,Free,End of fieldwork,36 to 59 months old
Lesotho,LS,LSO,426,"Percentage of children (aged 36-59 months) developmentally on track in at least 3 of the 4 following domains: literacy-numeracy, physical, social-emotional and learning",2018,68.1,Male,,%,Reported,Free,End of fieldwork,36 to 59 months old
Lesotho,LS,LSO,426,"Percentage of children (aged 36-59 months) developmentally on track in at least 3 of the 4 following domains: literacy-numeracy, physical, social-emotional and learning",2018,73.1,Total,,%,Reported,Free,End of fieldwork,36 to 59 months old
Madagascar,MG,MDG,450,"Percentage of children (aged 36-59 months) developmentally on track in at least 3 of the 4 following domains: literacy-numeracy, physical, social-emotional and learning",2018,67.753,Female,,%,Reported,Free,End of fieldwork,36 to 59 months old
Madagascar,MG,MDG,450,"Percentage of children (aged 36-59 months) developmentally on track in at least 3 of the 4 following domains: literacy-numeracy, physical, social-emotional and learning",2018,65.33,Male,,%,Reported,Free,End of fieldwork,36 to 59 months old
Madagascar,MG,MDG,450,"Percentage of children (aged 36-59 months) developmentally on track in at least 3 of the 4 following domains: literacy-numeracy, physical, social-emotional and learning",2018,66.53,Total,,%,Reported,Free,End of fieldwork,36 to 59 months old
Malawi,MW,MWI,454,"Percentage of children (aged 36-59 months) developmentally on track in at least 3 of the 4 following domains: literacy-numeracy, physical, social-emotional and learning",2014,64,Female,,%,Reported,Free,End of fieldwork,36 to 59 months old
Malawi,MW,MWI,454,"Percentage of children (aged 36-59 months) developmentally on track in at least 3 of the 4 following domains: literacy-numeracy, physical, social-emotional and learning",2014,55.7,Male,,%,Reported,Free,End of fieldwork,36 to 59 months old
Malawi,MW,MWI,454,"Percentage of children (aged 36-59 months) developmentally on track in at least 3 of the 4 following domains: literacy-numeracy, physical, social-emotional and learning",2014,59.8,Total,,%,Reported,Free,End of fieldwork,36 to 59 months old
Maldives,MV,MDV,462,"Percentage of children (aged 36-59 months) developmentally on track in at least 3 of the 4 following domains: literacy-numeracy, physical, social-emotional and learning",2017,95,Female,,%,Reanalysed,Free,End of fieldwork,36 to 59 months old
Maldives,MV,MDV,462,"Percentage of children (aged 36-59 months) developmentally on track in at least 3 of the 4 following domains: literacy-numeracy, physical, social-emotional and learning",2017,91.3,Male,,%,Reanalysed,Free,End of fieldwork,36 to 59 months old
Maldives,MV,MDV,462,"Percentage of children (aged 36-59 months) developmentally on track in at least 3 of the 4 following domains: literacy-numeracy, physical, social-emotional and learning",2017,93,Total,,%,Reanalysed,Free,End of fieldwork,36 to 59 months old
Mali,ML,MLI,466,"Percentage of children (aged 36-59 months) developmentally on track in at least 3 of the 4 following domains: literacy-numeracy, physical, social-emotional and learning",2015,63.4,Female,,%,Reported,Free,End of fieldwork,36 to 59 months old
Mali,ML,MLI,466,"Percentage of children (aged 36-59 months) developmentally on track in at least 3 of the 4 following domains: literacy-numeracy, physical, social-emotional and learning",2015,59.8,Male,,%,Reported,Free,End of fieldwork,36 to 59 months old
Mali,ML,MLI,466,"Percentage of children (aged 36-59 months) developmentally on track in at least 3 of the 4 following domains: literacy-numeracy, physical, social-emotional and learning",2015,61.6,Total,,%,Reported,Free,End of fieldwork,36 to 59 months old
Marshall Islands,MH,MHL,584,"Percentage of children (aged 36-59 months) developmentally on track in at least 3 of the 4 following domains: literacy-numeracy, physical, social-emotional and learning",2017,78.2,Female,,%,Reported,Free,End of fieldwork,36 to 59 months old
Marshall Islands,MH,MHL,584,"Percentage of children (aged 36-59 months) developmentally on track in at least 3 of the 4 following domains: literacy-numeracy, physical, social-emotional and learning",2017,79.6,Male,,%,Reported,Free,End of fieldwork,36 to 59 months old
Marshall Islands,MH,MHL,584,"Percentage of children (aged 36-59 months) developmentally on track in at least 3 of the 4 following domains: literacy-numeracy, physical, social-emotional and learning",2017,78.9,Total,,%,Reported,Free,End of fieldwork,36 to 59 months old
Mauritania,MR,MRT,478,"Percentage of children (aged 36-59 months) developmentally on track in at least 3 of the 4 following domains: literacy-numeracy, physical, social-emotional and learning",2015,61.8,Female,,%,Reported,Free,End of fieldwork,36 to 59 months old
Mauritania,MR,MRT,478,"Percentage of children (aged 36-59 months) developmentally on track in at least 3 of the 4 following domains: literacy-numeracy, physical, social-emotional and learning",2015,58.2,Male,,%,Reported,Free,End of fieldwork,36 to 59 months old
Mauritania,MR,MRT,478,"Percentage of children (aged 36-59 months) developmentally on track in at least 3 of the 4 following domains: literacy-numeracy, physical, social-emotional and learning",2015,60,Total,,%,Reported,Free,End of fieldwork,36 to 59 months old
Mexico,MX,MEX,484,"Percentage of children (aged 36-59 months) developmentally on track in at least 3 of the 4 following domains: literacy-numeracy, physical, social-emotional and learning",2019,78.9,Female,,%,Reanalysed,Free,End of fieldwork,36 to 59 months old
Mexico,MX,MEX,484,"Percentage of children (aged 36-59 months) developmentally on track in at least 3 of the 4 following domains: literacy-numeracy, physical, social-emotional and learning",2019,81.3,Male,,%,Reanalysed,Free,End of fieldwork,36 to 59 months old
Mexico,MX,MEX,484,"Percentage of children (aged 36-59 months) developmentally on track in at least 3 of the 4 following domains: literacy-numeracy, physical, social-emotional and learning",2019,80.1,Total,,%,Reanalysed,Free,End of fieldwork,36 to 59 months old
Mongolia,MN,MNG,496,"Percentage of children (aged 36-59 months) developmentally on track in at least 3 of the 4 following domains: literacy-numeracy, physical, social-emotional and learning",2018,80,Female,,%,Reported,Free,End of fieldwork,36 to 59 months old
Mongolia,MN,MNG,496,"Percentage of children (aged 36-59 months) developmentally on track in at least 3 of the 4 following domains: literacy-numeracy, physical, social-emotional and learning",2018,71.8,Male,,%,Reported,Free,End of fieldwork,36 to 59 months old
Mongolia,MN,MNG,496,"Percentage of children (aged 36-59 months) developmentally on track in at least 3 of the 4 following domains: literacy-numeracy, physical, social-emotional and learning",2018,75.7,Total,,%,Reported,Free,End of fieldwork,36 to 59 months old
Montenegro,ME,MNE,499,"Percentage of children (aged 36-59 months) developmentally on track in at least 3 of the 4 following domains: literacy-numeracy, physical, social-emotional and learning",2018,90.6,Female,,%,Reported,Free,End of fieldwork,36 to 59 months old
Montenegro,ME,MNE,499,"Percentage of children (aged 36-59 months) developmentally on track in at least 3 of the 4 following domains: literacy-numeracy, physical, social-emotional and learning",2018,90,Male,,%,Reported,Free,End of fieldwork,36 to 59 months old
Montenegro,ME,MNE,499,"Percentage of children (aged 36-59 months) developmentally on track in at least 3 of the 4 following domains: literacy-numeracy, physical, social-emotional and learning",2018,90.2,Total,,%,Reported,Free,End of fieldwork,36 to 59 months old
Nepal,NP,NPL,524,"Percentage of children (aged 36-59 months) developmentally on track in at least 3 of the 4 following domains: literacy-numeracy, physical, social-emotional and learning",2019,65.6,Female,,%,Reported,Free,End of fieldwork,36 to 59 months old
Nepal,NP,NPL,524,"Percentage of children (aged 36-59 months) developmentally on track in at least 3 of the 4 following domains: literacy-numeracy, physical, social-emotional and learning",2019,64.8,Male,,%,Reported,Free,End of fieldwork,36 to 59 months old
Nepal,NP,NPL,524,"Percentage of children (aged 36-59 months) developmentally on track in at least 3 of the 4 following domains: literacy-numeracy, physical, social-emotional and learning",2019,65.2,Total,,%,Reported,Free,End of fieldwork,36 to 59 months old
Nigeria,NG,NGA,566,"Percentage of children (aged 36-59 months) developmentally on track in at least 3 of the 4 following domains: literacy-numeracy, physical, social-emotional and learning",2017,62.2,Female,,%,Reported,Free,End of fieldwork,36 to 59 months old
Nigeria,NG,NGA,566,"Percentage of children (aged 36-59 months) developmentally on track in at least 3 of the 4 following domains: literacy-numeracy, physical, social-emotional and learning",2017,60.2,Male,,%,Reported,Free,End of fieldwork,36 to 59 months old
Nigeria,NG,NGA,566,"Percentage of children (aged 36-59 months) developmentally on track in at least 3 of the 4 following domains: literacy-numeracy, physical, social-emotional and learning",2017,61.2,Total,,%,Reported,Free,End of fieldwork,36 to 59 months old
"Macedonia, the former Yugoslav Republic of",MK,MKD,807,"Percentage of children (aged 36-59 months) developmentally on track in at least 3 of the 4 following domains: literacy-numeracy, physical, social-emotional and learning",2019,89.3,Female,,%,Reported,Free,End of fieldwork,36 to 59 months old
"Macedonia, the former Yugoslav Republic of",MK,MKD,807,"Percentage of children (aged 36-59 months) developmentally on track in at least 3 of the 4 following domains: literacy-numeracy, physical, social-emotional and learning",2019,75.9,Male,,%,Reported,Free,End of fieldwork,36 to 59 months old
"Macedonia, the former Yugoslav Republic of",MK,MKD,807,"Percentage of children (aged 36-59 months) developmentally on track in at least 3 of the 4 following domains: literacy-numeracy, physical, social-emotional and learning",2019,81.8,Total,,%,Reported,Free,End of fieldwork,36 to 59 months old
Oman,OM,OMN,512,"Percentage of children (aged 36-59 months) developmentally on track in at least 3 of the 4 following domains: literacy-numeracy, physical, social-emotional and learning",2014,71.8,Female,,%,Reported,Free,End of fieldwork,36 to 59 months old
Oman,OM,OMN,512,"Percentage of children (aged 36-59 months) developmentally on track in at least 3 of the 4 following domains: literacy-numeracy, physical, social-emotional and learning",2014,64.9,Male,,%,Reported,Free,End of fieldwork,36 to 59 months old
Oman,OM,OMN,512,"Percentage of children (aged 36-59 months) developmentally on track in at least 3 of the 4 following domains: literacy-numeracy, physical, social-emotional and learning",2014,68.3,Total,,%,Reported,Free,End of fieldwork,36 to 59 months old
Panama,PA,PAN,591,"Percentage of children (aged 36-59 months) developmentally on track in at least 3 of the 4 following domains: literacy-numeracy, physical, social-emotional and learning",2013,81,Female,,%,Reported,Free,End of fieldwork,36 to 59 months old
Panama,PA,PAN,591,"Percentage of children (aged 36-59 months) developmentally on track in at least 3 of the 4 following domains: literacy-numeracy, physical, social-emotional and learning",2013,79.6,Male,,%,Reported,Free,End of fieldwork,36 to 59 months old
Panama,PA,PAN,591,"Percentage of children (aged 36-59 months) developmentally on track in at least 3 of the 4 following domains: literacy-numeracy, physical, social-emotional and learning",2013,80.2,Total,,%,Reported,Free,End of fieldwork,36 to 59 months old
Paraguay,PY,PRY,600,"Percentage of children (aged 36-59 months) developmentally on track in at least 3 of the 4 following domains: literacy-numeracy, physical, social-emotional and learning",2016,83.6,Female,,%,Reported,Free,End of fieldwork,36 to 59 months old
Paraguay,PY,PRY,600,"Percentage of children (aged 36-59 months) developmentally on track in at least 3 of the 4 following domains: literacy-numeracy, physical, social-emotional and learning",2016,80.4,Male,,%,Reported,Free,End of fieldwork,36 to 59 months old
Paraguay,PY,PRY,600,"Percentage of children (aged 36-59 months) developmentally on track in at least 3 of the 4 following domains: literacy-numeracy, physical, social-emotional and learning",2016,81.9,Total,,%,Reported,Free,End of fieldwork,36 to 59 months old
Qatar,QA,QAT,634,"Percentage of children (aged 36-59 months) developmentally on track in at least 3 of the 4 following domains: literacy-numeracy, physical, social-emotional and learning",2012,85.4,Female,,%,Reported,Free,End of fieldwork,36 to 59 months old
Qatar,QA,QAT,634,"Percentage of children (aged 36-59 months) developmentally on track in at least 3 of the 4 following domains: literacy-numeracy, physical, social-emotional and learning",2012,82.6,Male,,%,Reported,Free,End of fieldwork,36 to 59 months old
Qatar,QA,QAT,634,"Percentage of children (aged 36-59 months) developmentally on track in at least 3 of the 4 following domains: literacy-numeracy, physical, social-emotional and learning",2012,83.9,Total,,%,Reported,Free,End of fieldwork,36 to 59 months old
"Moldova, Republic of",MD,MDA,498,"Percentage of children (aged 36-59 months) developmentally on track in at least 3 of the 4 following domains: literacy-numeracy, physical, social-emotional and learning",2012,84.2,Female,,%,Reported,Free,End of fieldwork,36 to 59 months old
"Moldova, Republic of",MD,MDA,498,"Percentage of children (aged 36-59 months) developmentally on track in at least 3 of the 4 following domains: literacy-numeracy, physical, social-emotional and learning",2012,83.4,Male,,%,Reported,Free,End of fieldwork,36 to 59 months old
"Moldova, Republic of",MD,MDA,498,"Percentage of children (aged 36-59 months) developmentally on track in at least 3 of the 4 following domains: literacy-numeracy, physical, social-emotional and learning",2012,83.8,Total,,%,Reported,Free,End of fieldwork,36 to 59 months old
Rwanda,RW,RWA,646,"Percentage of children (aged 36-59 months) developmentally on track in at least 3 of the 4 following domains: literacy-numeracy, physical, social-emotional and learning",2020,84.474,Female,,%,Reported,Free,End of fieldwork,36 to 59 months old
Rwanda,RW,RWA,646,"Percentage of children (aged 36-59 months) developmentally on track in at least 3 of the 4 following domains: literacy-numeracy, physical, social-emotional and learning",2020,80.357,Male,,%,Reported,Free,End of fieldwork,36 to 59 months old
Rwanda,RW,RWA,646,"Percentage of children (aged 36-59 months) developmentally on track in at least 3 of the 4 following domains: literacy-numeracy, physical, social-emotional and learning",2020,82.364,Total,,%,Reported,Free,End of fieldwork,36 to 59 months old
Saint Lucia,LC,LCA,662,"Percentage of children (aged 36-59 months) developmentally on track in at least 3 of the 4 following domains: literacy-numeracy, physical, social-emotional and learning",2012,91.7,Female,,%,Reported,Free,End of fieldwork,36 to 59 months old
Saint Lucia,LC,LCA,662,"Percentage of children (aged 36-59 months) developmentally on track in at least 3 of the 4 following domains: literacy-numeracy, physical, social-emotional and learning",2012,91.2,Male,,%,Reported,Free,End of fieldwork,36 to 59 months old
Saint Lucia,LC,LCA,662,"Percentage of children (aged 36-59 months) developmentally on track in at least 3 of the 4 following domains: literacy-numeracy, physical, social-emotional and learning",2012,91.4,Total,,%,Reported,Free,End of fieldwork,36 to 59 months old
Samoa,WS,WSM,882,"Percentage of children (aged 36-59 months) developmentally on track in at least 3 of the 4 following domains: literacy-numeracy, physical, social-emotional and learning",2020,76.752,Female,,%,Reported,Free,End of fieldwork,36 to 59 months old
Samoa,WS,WSM,882,"Percentage of children (aged 36-59 months) developmentally on track in at least 3 of the 4 following domains: literacy-numeracy, physical, social-emotional and learning",2020,70.381,Male,,%,Reported,Free,End of fieldwork,36 to 59 months old
Samoa,WS,WSM,882,"Percentage of children (aged 36-59 months) developmentally on track in at least 3 of the 4 following domains: literacy-numeracy, physical, social-emotional and learning",2020,73.3,Total,,%,Reported,Free,End of fieldwork,36 to 59 months old
Sao Tome and Principe,ST,STP,678,"Percentage of children (aged 36-59 months) developmentally on track in at least 3 of the 4 following domains: literacy-numeracy, physical, social-emotional and learning",2019,66.5,Female,,%,Reported,Free,End of fieldwork,36 to 59 months old
Sao Tome and Principe,ST,STP,678,"Percentage of children (aged 36-59 months) developmentally on track in at least 3 of the 4 following domains: literacy-numeracy, physical, social-emotional and learning",2019,59.1,Male,,%,Reported,Free,End of fieldwork,36 to 59 months old
Sao Tome and Principe,ST,STP,678,"Percentage of children (aged 36-59 months) developmentally on track in at least 3 of the 4 following domains: literacy-numeracy, physical, social-emotional and learning",2019,62.9,Total,,%,Reported,Free,End of fieldwork,36 to 59 months old
Senegal,SN,SEN,686,"Percentage of children (aged 36-59 months) developmentally on track in at least 3 of the 4 following domains: literacy-numeracy, physical, social-emotional and learning",2019,67.5,Female,,%,Reported,Free,End of fieldwork,36 to 59 months old
Senegal,SN,SEN,686,"Percentage of children (aged 36-59 months) developmentally on track in at least 3 of the 4 following domains: literacy-numeracy, physical, social-emotional and learning",2019,66.3,Male,,%,Reported,Free,End of fieldwork,36 to 59 months old
Senegal,SN,SEN,686,"Percentage of children (aged 36-59 months) developmentally on track in at least 3 of the 4 following domains: literacy-numeracy, physical, social-emotional and learning",2019,66.9,Total,,%,Reported,Free,End of fieldwork,36 to 59 months old
Serbia,RS,SRB,688,"Percentage of children (aged 36-59 months) developmentally on track in at least 3 of the 4 following domains: literacy-numeracy, physical, social-emotional and learning",2019,98.5,Female,,%,Reported,Free,End of fieldwork,36 to 59 months old
Serbia,RS,SRB,688,"Percentage of children (aged 36-59 months) developmentally on track in at least 3 of the 4 following domains: literacy-numeracy, physical, social-emotional and learning",2019,95.9,Male,,%,Reported,Free,End of fieldwork,36 to 59 months old
Serbia,RS,SRB,688,"Percentage of children (aged 36-59 months) developmentally on track in at least 3 of the 4 following domains: literacy-numeracy, physical, social-emotional and learning",2019,97.2,Total,,%,Reported,Free,End of fieldwork,36 to 59 months old
Sierra Leone,SL,SLE,694,"Percentage of children (aged 36-59 months) developmentally on track in at least 3 of the 4 following domains: literacy-numeracy, physical, social-emotional and learning",2017,55,Female,,%,Reported,Free,End of fieldwork,36 to 59 months old
Sierra Leone,SL,SLE,694,"Percentage of children (aged 36-59 months) developmentally on track in at least 3 of the 4 following domains: literacy-numeracy, physical, social-emotional and learning",2017,47.7,Male,,%,Reported,Free,End of fieldwork,36 to 59 months old
Sierra Leone,SL,SLE,694,"Percentage of children (aged 36-59 months) developmentally on track in at least 3 of the 4 following domains: literacy-numeracy, physical, social-emotional and learning",2017,51.4,Total,,%,Reported,Free,End of fieldwork,36 to 59 months old
"Palestinian Territory, Occupied",PS,PSE,275,"Percentage of children (aged 36-59 months) developmentally on track in at least 3 of the 4 following domains: literacy-numeracy, physical, social-emotional and learning",2020,86.2,Female,,%,Reported,Free,End of fieldwork,36 to 59 months old
"Palestinian Territory, Occupied",PS,PSE,275,"Percentage of children (aged 36-59 months) developmentally on track in at least 3 of the 4 following domains: literacy-numeracy, physical, social-emotional and learning",2020,81.7,Male,,%,Reported,Free,End of fieldwork,36 to 59 months old
"Palestinian Territory, Occupied",PS,PSE,275,"Percentage of children (aged 36-59 months) developmentally on track in at least 3 of the 4 following domains: literacy-numeracy, physical, social-emotional and learning",2020,83.9,Total,,%,Reported,Free,End of fieldwork,36 to 59 months old
Suriname,SR,SUR,740,"Percentage of children (aged 36-59 months) developmentally on track in at least 3 of the 4 following domains: literacy-numeracy, physical, social-emotional and learning",2018,82.8,Female,,%,Reported,Free,End of fieldwork,36 to 59 months old
Suriname,SR,SUR,740,"Percentage of children (aged 36-59 months) developmentally on track in at least 3 of the 4 following domains: literacy-numeracy, physical, social-emotional and learning",2018,72.1,Male,,%,Reported,Free,End of fieldwork,36 to 59 months old
Suriname,SR,SUR,740,"Percentage of children (aged 36-59 months) developmentally on track in at least 3 of the 4 following domains: literacy-numeracy, physical, social-emotional and learning",2018,77.4,Total,,%,Reported,Free,End of fieldwork,36 to 59 months old
Thailand,TH,THA,764,"Percentage of children (aged 36-59 months) developmentally on track in at least 3 of the 4 following domains: literacy-numeracy, physical, social-emotional and learning",2019,95,Female,,%,Reported,Free,End of fieldwork,36 to 59 months old
Thailand,TH,THA,764,"Percentage of children (aged 36-59 months) developmentally on track in at least 3 of the 4 following domains: literacy-numeracy, physical, social-emotional and learning",2019,90.8,Male,,%,Reported,Free,End of fieldwork,36 to 59 months old
Thailand,TH,THA,764,"Percentage of children (aged 36-59 months) developmentally on track in at least 3 of the 4 following domains: literacy-numeracy, physical, social-emotional and learning",2019,92.9,Total,,%,Reported,Free,End of fieldwork,36 to 59 months old
Timor-Leste,TL,TLS,626,"Percentage of children (aged 36-59 months) developmentally on track in at least 3 of the 4 following domains: literacy-numeracy, physical, social-emotional and learning",2016,55.7,Female,,%,Reanalysed,Free,End of fieldwork,36 to 47 months old
Timor-Leste,TL,TLS,626,"Percentage of children (aged 36-59 months) developmentally on track in at least 3 of the 4 following domains: literacy-numeracy, physical, social-emotional and learning",2016,50.9,Male,,%,Reanalysed,Free,End of fieldwork,36 to 47 months old
Timor-Leste,TL,TLS,626,"Percentage of children (aged 36-59 months) developmentally on track in at least 3 of the 4 following domains: literacy-numeracy, physical, social-emotional and learning",2016,53.2,Total,,%,Reanalysed,Free,End of fieldwork,36 to 47 months old
Togo,TG,TGO,768,"Percentage of children (aged 36-59 months) developmentally on track in at least 3 of the 4 following domains: literacy-numeracy, physical, social-emotional and learning",2017,55.4,Female,,%,Reported,Free,End of fieldwork,36 to 59 months old
Togo,TG,TGO,768,"Percentage of children (aged 36-59 months) developmentally on track in at least 3 of the 4 following domains: literacy-numeracy, physical, social-emotional and learning",2017,49.7,Male,,%,Reported,Free,End of fieldwork,36 to 59 months old
Togo,TG,TGO,768,"Percentage of children (aged 36-59 months) developmentally on track in at least 3 of the 4 following domains: literacy-numeracy, physical, social-emotional and learning",2017,52.4,Total,,%,Reported,Free,End of fieldwork,36 to 59 months old
Tonga,TO,TON,776,"Percentage of children (aged 36-59 months) developmentally on track in at least 3 of the 4 following domains: literacy-numeracy, physical, social-emotional and learning",2019,78.6,Female,,%,Reported,Free,End of fieldwork,36 to 59 months old
Tonga,TO,TON,776,"Percentage of children (aged 36-59 months) developmentally on track in at least 3 of the 4 following domains: literacy-numeracy, physical, social-emotional and learning",2019,78.6,Male,,%,Reported,Free,End of fieldwork,36 to 59 months old
Tonga,TO,TON,776,"Percentage of children (aged 36-59 months) developmentally on track in at least 3 of the 4 following domains: literacy-numeracy, physical, social-emotional and learning",2019,78.6,Total,,%,Reported,Free,End of fieldwork,36 to 59 months old
Trinidad and Tobago,TT,TTO,780,"Percentage of children (aged 36-59 months) developmentally on track in at least 3 of the 4 following domains: literacy-numeracy, physical, social-emotional and learning",2011,93.3,Female,,%,Reported,Free,End of fieldwork,36 to 59 months old
Trinidad and Tobago,TT,TTO,780,"Percentage of children (aged 36-59 months) developmentally on track in at least 3 of the 4 following domains: literacy-numeracy, physical, social-emotional and learning",2011,89.1,Male,,%,Reported,Free,End of fieldwork,36 to 59 months old
Trinidad and Tobago,TT,TTO,780,"Percentage of children (aged 36-59 months) developmentally on track in at least 3 of the 4 following domains: literacy-numeracy, physical, social-emotional and learning",2011,91.3,Total,,%,Reported,Free,End of fieldwork,36 to 59 months old
Tunisia,TN,TUN,788,"Percentage of children (aged 36-59 months) developmentally on track in at least 3 of the 4 following domains: literacy-numeracy, physical, social-emotional and learning",2018,81.5,Female,,%,Reported,Free,End of fieldwork,36 to 59 months old
Tunisia,TN,TUN,788,"Percentage of children (aged 36-59 months) developmentally on track in at least 3 of the 4 following domains: literacy-numeracy, physical, social-emotional and learning",2018,83.2,Male,,%,Reported,Free,End of fieldwork,36 to 59 months old
Tunisia,TN,TUN,788,"Percentage of children (aged 36-59 months) developmentally on track in at least 3 of the 4 following domains: literacy-numeracy, physical, social-emotional and learning",2018,82.3,Total,,%,Reported,Free,End of fieldwork,36 to 59 months old
Turkmenistan,TM,TKM,795,"Percentage of children (aged 36-59 months) developmentally on track in at least 3 of the 4 following domains: literacy-numeracy, physical, social-emotional and learning",2019,95.3,Female,,%,Reported,Free,End of fieldwork,36 to 59 months old
Turkmenistan,TM,TKM,795,"Percentage of children (aged 36-59 months) developmentally on track in at least 3 of the 4 following domains: literacy-numeracy, physical, social-emotional and learning",2019,94.7,Male,,%,Reported,Free,End of fieldwork,36 to 59 months old
Turkmenistan,TM,TKM,795,"Percentage of children (aged 36-59 months) developmentally on track in at least 3 of the 4 following domains: literacy-numeracy, physical, social-emotional and learning",2019,95,Total,,%,Reported,Free,End of fieldwork,36 to 59 months old
Turks and Caicos Islands,TC,TCA,796,"Percentage of children (aged 36-59 months) developmentally on track in at least 3 of the 4 following domains: literacy-numeracy, physical, social-emotional and learning",2020,88.217,Female,,%,Reported,Free,End of fieldwork,36 to 59 months old
Turks and Caicos Islands,TC,TCA,796,"Percentage of children (aged 36-59 months) developmentally on track in at least 3 of the 4 following domains: literacy-numeracy, physical, social-emotional and learning",2020,93.486,Male,,%,Reported,Free,End of fieldwork,36 to 59 months old
Turks and Caicos Islands,TC,TCA,796,"Percentage of children (aged 36-59 months) developmentally on track in at least 3 of the 4 following domains: literacy-numeracy, physical, social-emotional and learning",2020,91.067,Total,,%,Reported,Free,End of fieldwork,36 to 59 months old
Tuvalu,TV,TUV,798,"Percentage of children (aged 36-59 months) developmentally on track in at least 3 of the 4 following domains: literacy-numeracy, physical, social-emotional and learning",2020,67.223,Female,,%,Reported,Free,End of fieldwork,36 to 59 months old
Tuvalu,TV,TUV,798,"Percentage of children (aged 36-59 months) developmentally on track in at least 3 of the 4 following domains: literacy-numeracy, physical, social-emotional and learning",2020,69.652,Male,,%,Reported,Free,End of fieldwork,36 to 59 months old
Tuvalu,TV,TUV,798,"Percentage of children (aged 36-59 months) developmentally on track in at least 3 of the 4 following domains: literacy-numeracy, physical, social-emotional and learning",2020,68.629,Total,,%,Reported,Free,End of fieldwork,36 to 59 months old
Turkey,TR,TUR,792,"Percentage of children (aged 36-59 months) developmentally on track in at least 3 of the 4 following domains: literacy-numeracy, physical, social-emotional and learning",2018,78,Female,,%,Reported,Free,End of fieldwork,36 to 59 months old
Turkey,TR,TUR,792,"Percentage of children (aged 36-59 months) developmentally on track in at least 3 of the 4 following domains: literacy-numeracy, physical, social-emotional and learning",2018,69.8,Male,,%,Reported,Free,End of fieldwork,36 to 59 months old
Turkey,TR,TUR,792,"Percentage of children (aged 36-59 months) developmentally on track in at least 3 of the 4 following domains: literacy-numeracy, physical, social-emotional and learning",2018,73.7,Total,,%,Reported,Free,End of fieldwork,36 to 59 months old
Uganda,UG,UGA,800,"Percentage of children (aged 36-59 months) developmentally on track in at least 3 of the 4 following domains: literacy-numeracy, physical, social-emotional and learning",2016,65.9,Female,,%,Reanalysed,Free,End of fieldwork,36 to 59 months old
Uganda,UG,UGA,800,"Percentage of children (aged 36-59 months) developmentally on track in at least 3 of the 4 following domains: literacy-numeracy, physical, social-emotional and learning",2016,64.1,Male,,%,Reanalysed,Free,End of fieldwork,36 to 59 months old
Uganda,UG,UGA,800,"Percentage of children (aged 36-59 months) developmentally on track in at least 3 of the 4 following domains: literacy-numeracy, physical, social-emotional and learning",2016,65,Total,,%,Reanalysed,Free,End of fieldwork,36 to 59 months old
Ukraine,UA,UKR,804,"Percentage of children (aged 36-59 months) developmentally on track in at least 3 of the 4 following domains: literacy-numeracy, physical, social-emotional and learning",2012,89.3,Female,,%,Reported,Free,End of fieldwork,36 to 59 months old
Ukraine,UA,UKR,804,"Percentage of children (aged 36-59 months) developmentally on track in at least 3 of the 4 following domains: literacy-numeracy, physical, social-emotional and learning",2012,88.7,Male,,%,Reported,Free,End of fieldwork,36 to 59 months old
Ukraine,UA,UKR,804,"Percentage of children (aged 36-59 months) developmentally on track in at least 3 of the 4 following domains: literacy-numeracy, physical, social-emotional and learning",2012,89,Total,,%,Reported,Free,End of fieldwork,36 to 59 months old
Uruguay,UY,URY,858,"Percentage of children (aged 36-59 months) developmentally on track in at least 3 of the 4 following domains: literacy-numeracy, physical, social-emotional and learning",2013,84.3,Female,,%,Reported,Free,End of fieldwork,36 to 59 months old
Uruguay,UY,URY,858,"Percentage of children (aged 36-59 months) developmentally on track in at least 3 of the 4 following domains: literacy-numeracy, physical, social-emotional and learning",2013,88.8,Male,,%,Reported,Free,End of fieldwork,36 to 59 months old
Uruguay,UY,URY,858,"Percentage of children (aged 36-59 months) developmentally on track in at least 3 of the 4 following domains: literacy-numeracy, physical, social-emotional and learning",2013,86.8,Total,,%,Reported,Free,End of fieldwork,36 to 59 months old
Viet Nam,VN,VNM,704,"Percentage of children (aged 36-59 months) developmentally on track in at least 3 of the 4 following domains: literacy-numeracy, physical, social-emotional and learning",2014,89.2,Female,,%,Reported,Free,End of fieldwork,36 to 59 months old
Vietnam,VN,VNM,704,"Percentage of children (aged 36-59 months) developmentally on track in at least 3 of the 4 following domains: literacy-numeracy, physical, social-emotional and learning",2014,89.2,Female,,%,Reported,Free,End of fieldwork,36 to 59 months old
Viet Nam,VN,VNM,704,"Percentage of children (aged 36-59 months) developmentally on track in at least 3 of the 4 following domains: literacy-numeracy, physical, social-emotional and learning",2014,88.2,Male,,%,Reported,Free,End of fieldwork,36 to 59 months old
Vietnam,VN,VNM,704,"Percentage of children (aged 36-59 months) developmentally on track in at least 3 of the 4 following domains: literacy-numeracy, physical, social-emotional and learning",2014,88.2,Male,,%,Reported,Free,End of fieldwork,36 to 59 months old
Viet Nam,VN,VNM,704,"Percentage of children (aged 36-59 months) developmentally on track in at least 3 of the 4 following domains: literacy-numeracy, physical, social-emotional and learning",2014,88.7,Total,,%,Reported,Free,End of fieldwork,36 to 59 months old
Vietnam,VN,VNM,704,"Percentage of children (aged 36-59 months) developmentally on track in at least 3 of the 4 following domains: literacy-numeracy, physical, social-emotional and learning",2014,88.7,Total,,%,Reported,Free,End of fieldwork,36 to 59 months old
Zimbabwe,ZW,ZWE,716,"Percentage of children (aged 36-59 months) developmentally on track in at least 3 of the 4 following domains: literacy-numeracy, physical, social-emotional and learning",2019,73.5,Female,,%,Reported,Free,End of fieldwork,36 to 59 months old
Zimbabwe,ZW,ZWE,716,"Percentage of children (aged 36-59 months) developmentally on track in at least 3 of the 4 following domains: literacy-numeracy, physical, social-emotional and learning",2019,68.1,Male,,%,Reported,Free,End of fieldwork,36 to 59 months old
Zimbabwe,ZW,ZWE,716,"Percentage of children (aged 36-59 months) developmentally on track in at least 3 of the 4 following domains: literacy-numeracy, physical, social-emotional and learning",2019,70.8,Total,,%,Reported,Free,End of fieldwork,36 to 59 months old
